,SMILES,ro5_fulfilled,ROMol
0,O=C(c1ccc(O)cc1)N1CCC(Cc2ccccc2)CC1,True,<rdkit.Chem.rdchem.Mol object at 0x7f8e12c6d0a0>
2,COC(=O)C1C(C)=NC(=O)NC1c1ccc(C)cc1,True,<rdkit.Chem.rdchem.Mol object at 0x7f8e12c6d160>
4,O=C(O)COc1c(C(=O)O)sc(-c2ccccc2)c1Br,True,<rdkit.Chem.rdchem.Mol object at 0x7f8e12c6d220>
5,O=C(O)COc1cc(CC2CCCCC2)ccc1-c1ccc2c(c1)CCC2,True,<rdkit.Chem.rdchem.Mol object at 0x7f8e12c6d280>
6,CCN(CC)S(=O)(=O)c1ccc(N(C)C)c(Nc2nc(-c3ccccc3)nc3ccccc23)c1,True,<rdkit.Chem.rdchem.Mol object at 0x7f8e12c6d2e0>
8,O=C(O)c1ccc2c(c1)C(=CCN1CCCC(CCc3ccc(O)cc3)C1)CC2,True,<rdkit.Chem.rdchem.Mol object at 0x7f8e12c6d3a0>
16,O=C(Cc1c(F)cccc1Cl)NCc1cccc(CNC(=O)OC2CCCCC2)c1,True,<rdkit.Chem.rdchem.Mol object at 0x7f8e12c6d6a0>
17,COc1cc(O)c(Br)cc1C(=O)CCc1ccc(O)cc1,True,<rdkit.Chem.rdchem.Mol object at 0x7f8e12c6d700>
19,CCCc1cc(O)cc(O)c1C(=O)O,True,<rdkit.Chem.rdchem.Mol object at 0x7f8e12c6d7c0>
20,COC(=O)C(Cc1ccc(OCCc2ccc3ccccc3c2)cc1)NC(=O)CC(N)Cc1ccccc1,True,<rdkit.Chem.rdchem.Mol object at 0x7f8e12c6d820>
29,O=C(O)Cn1c(=Cc2ccccc2)sc(=CC=Cc2ccccc2)c1=O,True,<rdkit.Chem.rdchem.Mol object at 0x7f8e12c6db80>
30,CCCc1ccc(-c2nc(-c3ccc(OC)cc3)no2)cc1,True,<rdkit.Chem.rdchem.Mol object at 0x7f8e12c6dbe0>
32,O=C(COC(=O)c1ccccc1Nc1ccc(Br)cc1)NCc1ccc(F)cc1,True,<rdkit.Chem.rdchem.Mol object at 0x7f8e12c6dca0>
34,CCCCc1ccc(-c2ccc(-c3noc(Cc4c[nH]c5ccccc45)n3)cc2)cc1,True,<rdkit.Chem.rdchem.Mol object at 0x7f8e12c6dd60>
37,O=C(O)c1ccc(CN(Cc2cccc(F)c2)Cc2ccc3c(c2)OCO3)cc1,True,<rdkit.Chem.rdchem.Mol object at 0x7f8e12c6de80>
41,O=C(COc1cccc2ccccc12)Nc1ccccc1,True,<rdkit.Chem.rdchem.Mol object at 0x7f8e12c77040>
48,O=C(CCc1c[nH]c2ccccc12)NC(Cc1ccc(OCc2ccccc2)cc1)C(=O)O,True,<rdkit.Chem.rdchem.Mol object at 0x7f8e12c772e0>
50,CCN(Cc1ccccc1)C(=O)COc1ccc(-c2ccc(C(=O)O)cc2)cc1,True,<rdkit.Chem.rdchem.Mol object at 0x7f8e12c773a0>
51,CCCc1oc2ccccc2c1Oc1ccc(CCC2(C)COC2)cc1,True,<rdkit.Chem.rdchem.Mol object at 0x7f8e12c77400>
53,Cc1ccc(-c2nn3c(C)cc(C)nc3c2C(OCc2ccccc2)C2CCCCC2)cc1,True,<rdkit.Chem.rdchem.Mol object at 0x7f8e12c774c0>
56,CCCCc1ccc(NC(=O)Nc2ccc(C(C)C)cc2)cc1,True,<rdkit.Chem.rdchem.Mol object at 0x7f8e12c775e0>
57,COC(=O)CCN(Cc1ccc(C(=O)c2ccc(O)cc2)cc1)C(=O)C1CCC1,True,<rdkit.Chem.rdchem.Mol object at 0x7f8e12c77640>
61,O=Nc1c(-c2c(O)[nH]c3ccc(C(=O)O)cc23)[nH]c2ccccc12,True,<rdkit.Chem.rdchem.Mol object at 0x7f8e12c777c0>
67,O=S(=O)(NCc1cccc(-c2ccc(C(F)(F)F)cc2)c1)c1ccccc1,True,<rdkit.Chem.rdchem.Mol object at 0x7f8e12c77a00>
70,COC(=O)c1scc(-c2ccc(NC(=O)c3ccc(C(F)(F)F)cc3)cc2)c1OC,True,<rdkit.Chem.rdchem.Mol object at 0x7f8e12c77b20>
72,CC1=CCc2c(ccc3c2CCN(C)C3)C(c2ccc(F)cc2)=C1CC(C)C,True,<rdkit.Chem.rdchem.Mol object at 0x7f8e12c77be0>
73,O=C(O)COc1cc(C(=O)c2ccccc2)ccc1-c1nc2cc(C(=O)O)ccc2[nH]1,True,<rdkit.Chem.rdchem.Mol object at 0x7f8e12c77c40>
74,CCCSc1oc2cc(Br)ccc2c1CCc1ccc(-c2ccc(C(=O)O)cc2)cc1,True,<rdkit.Chem.rdchem.Mol object at 0x7f8e12c77ca0>
76,COC(=O)COC(=O)c1ccc(COCC(C)(C)C)cc1,True,<rdkit.Chem.rdchem.Mol object at 0x7f8e12c77d60>
82,CC(Oc1ccc2c(c1)OCC(C(=O)O)O2)c1ccccc1,True,<rdkit.Chem.rdchem.Mol object at 0x7f8e12c77fa0>
83,O=C(CCc1c[nH]c2ccccc12)Nc1ccc(Cl)cc1Cl,True,<rdkit.Chem.rdchem.Mol object at 0x7f8e12c72040>
86,COc1cc(O)cc2c1OC1(C)Cc3cc(OC)c(OC)c(OC)c3C(=O)C21O,True,<rdkit.Chem.rdchem.Mol object at 0x7f8e12c72160>
87,Cc1noc(-c2ccc(OCc3ccc(CC(C)C)cc3)cc2)n1,True,<rdkit.Chem.rdchem.Mol object at 0x7f8e12c721c0>
88,N#Cc1cc(Sc2ccc(C(F)(F)F)cc2)ccc1OCCc1ccccc1,True,<rdkit.Chem.rdchem.Mol object at 0x7f8e12c72220>
89,COC(=O)CCc1ccc(Nc2ncc(Br)c(Nc3cc(C4CC4)[nH]n3)n2)cc1,True,<rdkit.Chem.rdchem.Mol object at 0x7f8e12c72280>
91,CC1(C)C=C2C(=NN(c3ccccc3C(=O)O)C3CCCCC23)C(=O)N1,True,<rdkit.Chem.rdchem.Mol object at 0x7f8e12c72340>
94,CN(C)S(=O)(=O)c1ccc2ncc(C(=O)NCCc3ccccc3)cc2c1,True,<rdkit.Chem.rdchem.Mol object at 0x7f8e12c72460>
95,CCCc1ccc(-c2ccc(-c3noc(Cc4c[nH]c(CC)c4)n3)cc2)cc1,True,<rdkit.Chem.rdchem.Mol object at 0x7f8e12c724c0>
101,CCOC(=O)COC1CCN(c2ccc(-c3ccc(C(=O)c4cccc(O)c4)cc3)cc2)CC1,True,<rdkit.Chem.rdchem.Mol object at 0x7f8e12c72700>
102,CCc1cc(C#N)cc(-c2ccc3c(c2)CCC(CCC(=O)O)O3)c1,True,<rdkit.Chem.rdchem.Mol object at 0x7f8e12c72760>
103,O=C(O)Cc1ccccc1Oc1ccc2oc(-c3nc(C(=O)O)no3)cc2c1,True,<rdkit.Chem.rdchem.Mol object at 0x7f8e12c727c0>
104,COc1ccccc1N1CCN(Cc2ccc(CN(C)C)cc2)CC1,True,<rdkit.Chem.rdchem.Mol object at 0x7f8e12c72820>
107,O=C1CC(c2ccc(CC(NS(=O)(=O)c3cccc(Br)c3)C3CCCCC3)cc2)S(=O)(=O)N1,True,<rdkit.Chem.rdchem.Mol object at 0x7f8e12c72940>
108,O=C(COC(=O)c1ccccc1-n1cccc1)NCc1ccco1,True,<rdkit.Chem.rdchem.Mol object at 0x7f8e12c729a0>
109,COc1ccc(OC)c(CSc2ccccc2C(=O)OCc2cc(C(=O)O)cc(C(=O)O)c2)c1,True,<rdkit.Chem.rdchem.Mol object at 0x7f8e12c72a00>
112,CC(=O)Nc1ccccc1C(=O)NC(Cc1ccccc1)C(O)CN1CC2CCCCC2CC1C(=O)O,True,<rdkit.Chem.rdchem.Mol object at 0x7f8e12c72b20>
115,Cc1ccc(C(=O)CC(Nc2ccc(C)c(C)c2)c2ccc(F)cc2)cc1,True,<rdkit.Chem.rdchem.Mol object at 0x7f8e12c72c40>
116,CNc1ncc(-c2ccc(C(=O)NCc3cccc(C(F)(F)F)c3)cc2)c(C)n1,True,<rdkit.Chem.rdchem.Mol object at 0x7f8e12c72ca0>
125,O=C(O)CNc1ccc2c(c1)COc1cc(Nc3cccc(F)c3)ccc1O2,True,<rdkit.Chem.rdchem.Mol object at 0x7f8e12c74040>
128,N#Cc1ccc(S(=O)(=O)Nc2ccc(-c3nc4cc(NS(=O)(=O)c5ccc(C#N)cc5)ccc4o3)cc2)cc1,True,<rdkit.Chem.rdchem.Mol object at 0x7f8e12c74160>
131,COc1ccc(C(=O)CCc2ccc(-c3cc(C)cc(O)c3)cc2)cc1,True,<rdkit.Chem.rdchem.Mol object at 0x7f8e12c74280>
136,COC(=O)COc1ccc2c(c1)C(=O)c1cccc(c1O)C2=O,True,<rdkit.Chem.rdchem.Mol object at 0x7f8e12c74460>
138,CCOc1cc(CC(=O)O)ccc1-c1ccc(C(C)C(=O)N2Cc3ccccc3C2)cc1,True,<rdkit.Chem.rdchem.Mol object at 0x7f8e12c74520>
145,O=C(O)COc1cc(-c2cccc(NC3CCOCC3)c2)sc1C(=O)O,True,<rdkit.Chem.rdchem.Mol object at 0x7f8e12c747c0>
151,CCNC(=O)Nc1cc(-c2nc(C(C)(C)C)cs2)ccc1N(C)C,True,<rdkit.Chem.rdchem.Mol object at 0x7f8e12c74a00>
156,COC(=O)CN(c1ccc(CNCC(O)COCc2ccccc2)cc1)c1cccc(C)c1,True,<rdkit.Chem.rdchem.Mol object at 0x7f8e12c74be0>
159,O=C(c1cc(S(=O)(=O)NCc2ccc(Cl)cc2)ccc1F)C1CCCCC1,True,<rdkit.Chem.rdchem.Mol object at 0x7f8e12c74d00>
161,CNC(=O)COc1ccc2c(-c3ccc(C(=O)N(C)C)cc3)cccc2c1,True,<rdkit.Chem.rdchem.Mol object at 0x7f8e12c74dc0>
162,O=C(CCc1ccc(Nc2nc(O)cs2)cc1)c1ccc(F)cc1,True,<rdkit.Chem.rdchem.Mol object at 0x7f8e12c74e20>
163,CN1C(=O)C2CCCC1C(O)C2Cc1ccccc1,True,<rdkit.Chem.rdchem.Mol object at 0x7f8e12c74e80>
164,O=S(=O)(Nc1ccc(-c2ccc(-c3ccccc3)nc2)cc1)c1ccc(C(F)(F)F)cc1,True,<rdkit.Chem.rdchem.Mol object at 0x7f8e12c74ee0>
165,O=C(c1cccc(F)c1)N1CCCC(C(=O)N2CCN(c3ccccc3)CC2)C1,True,<rdkit.Chem.rdchem.Mol object at 0x7f8e12c74f40>
167,CC(C)NC(=O)c1cccc(N2CC(c3ccc(Cl)cc3)CC(C(=O)C(C)(C)C)=N2)c1,True,<rdkit.Chem.rdchem.Mol object at 0x7f8e12c76040>
170,COc1ccc(CC(NC(=O)CN(C)C)c2ccc(Cl)cc2)cc1OC,True,<rdkit.Chem.rdchem.Mol object at 0x7f8e12c76160>
171,CN1CCN(NC(=O)c2ccc(Br)s2)CC1,True,<rdkit.Chem.rdchem.Mol object at 0x7f8e12c761c0>
172,CCCCC1=NC2(CCOCC2)C(=O)N1c1ccc(-c2ccccc2)cc1,True,<rdkit.Chem.rdchem.Mol object at 0x7f8e12c76220>
174,O=P(O)(O)C(F)c1ccc(-c2ccc(F)cc2)cc1,True,<rdkit.Chem.rdchem.Mol object at 0x7f8e12c762e0>
175,CC(N)Cc1cccnc1,True,<rdkit.Chem.rdchem.Mol object at 0x7f8e12c76340>
177,COC(=O)c1sc(NC(=O)C2=C(C)C(=O)OC2c2ccc(C)o2)cc1Br,True,<rdkit.Chem.rdchem.Mol object at 0x7f8e12c76400>
178,COC(=O)C(Cc1ccc(-c2ccccc2)cc1)NC(=O)CC(Cc1ccccc1)C(=O)O,True,<rdkit.Chem.rdchem.Mol object at 0x7f8e12c76460>
180,O=c1c(-c2ccc(F)cc2)nc2cnc(N3CCOCC3)nc2n1Cc1ccc(-c2ccccc2)cc1,True,<rdkit.Chem.rdchem.Mol object at 0x7f8e12c76520>
182,CC(=O)C1(NC(=O)C(Cc2ccccc2C)NC(=O)Cc2ccc(OCC(F)(F)F)cc2)CCCC1,True,<rdkit.Chem.rdchem.Mol object at 0x7f8e12c765e0>
183,O=S(=O)(CCSc1nc2ccccc2s1)c1ccccc1,True,<rdkit.Chem.rdchem.Mol object at 0x7f8e12c76640>
184,COc1ccc(S(=O)(=O)Nc2ccccc2)cc1OC,True,<rdkit.Chem.rdchem.Mol object at 0x7f8e12c766a0>
187,COC(=O)c1ccc2[nH]c(-c3ccc(C(=O)c4cccc(OC(F)(F)F)c4)cc3)cc2c1,True,<rdkit.Chem.rdchem.Mol object at 0x7f8e12c767c0>
189,COC(=O)C1=C(C)N(Cc2ccc(Br)cc2)C(=O)C1,True,<rdkit.Chem.rdchem.Mol object at 0x7f8e12c76880>
194,CC(C)C(=O)Nc1ccc(S(=O)(=O)CC2(O)c3ccc(-c4cc5cccc(C(=O)O)c5o4)c2c3)cc1,True,<rdkit.Chem.rdchem.Mol object at 0x7f8e12c76a60>
197,N#Cc1c(OCC2CN(C(=O)Cc3ccccc3)CCO2)cccc1-c1ccccc1,True,<rdkit.Chem.rdchem.Mol object at 0x7f8e12c76b80>
198,O=C(O)c1ccc(NC(=O)c2cccc(-c3cccc(Cl)c3)n2)cc1,True,<rdkit.Chem.rdchem.Mol object at 0x7f8e12c76be0>
199,O=C(O)c1ccc(NC(=O)c2ccc(-c3ccc(C(F)(F)F)cc3)cc2)cc1,True,<rdkit.Chem.rdchem.Mol object at 0x7f8e12c76c40>
200,CC1CC2(C)CCC(C)(CCC(C)(C)C2)C(O)C(O)(CC(=O)O)C1,True,<rdkit.Chem.rdchem.Mol object at 0x7f8e12c76ca0>
202,Cc1cccc(CN2CCC(Nc3cccc4cnccc34)C2)c1,True,<rdkit.Chem.rdchem.Mol object at 0x7f8e12c76d60>
205,CNC(=O)CSc1ccc(-c2nc(-c3ccc(C#N)cc3)c[nH]2)cc1,True,<rdkit.Chem.rdchem.Mol object at 0x7f8e12c76e80>
207,CC(C)CC(c1ccccc1)N1CCC(n2c(O)nc3ccccc32)CC1,True,<rdkit.Chem.rdchem.Mol object at 0x7f8e12c76f40>
208,CC(=O)Nc1ccc(N2CC(C#N)(Cc3ccccc3)C3=CC(C)(C)OCC3=N2)cc1,True,<rdkit.Chem.rdchem.Mol object at 0x7f8e12c76fa0>
211,O=C(O)Cn1c(C(=O)O)cc2cc(NS(=O)(=O)c3cccs3)cc(-c3ccc(O)cc3)c2c1=O,True,<rdkit.Chem.rdchem.Mol object at 0x7f8e12c78100>
212,COc1ccc(-c2cccc(-c3noc(Cc4c[nH]c5ccccc45)n3)c2)cc1,True,<rdkit.Chem.rdchem.Mol object at 0x7f8e12c78160>
214,COc1ccc(-c2noc(C(CCC(=O)O)c3ccc(C(F)(F)F)cc3)n2)cc1OC,True,<rdkit.Chem.rdchem.Mol object at 0x7f8e12c78220>
215,O=C(O)COc1cccc2c1S(=O)(=O)c1ccccc1-2,True,<rdkit.Chem.rdchem.Mol object at 0x7f8e12c78280>
216,N#Cc1cccc(-c2ccc3c(N)nc(N)nc3c2)c1,True,<rdkit.Chem.rdchem.Mol object at 0x7f8e12c782e0>
220,COC(=O)c1cc(-c2ccc(NC(=O)c3cccnc3)cc2)cs1,True,<rdkit.Chem.rdchem.Mol object at 0x7f8e12c78460>
223,NC(Cc1cc(F)ccc1F)C1CCC(N(Cc2ccccc2)C(=O)c2ccco2)CC1,True,<rdkit.Chem.rdchem.Mol object at 0x7f8e12c78580>
225,CCCCc1ncc(-c2cccc(-c3ccc(C(=O)O)cc3)c2)n1C,True,<rdkit.Chem.rdchem.Mol object at 0x7f8e12c78640>
226,CNc1nc(-c2c[nH]c3ccccc23)cs1,True,<rdkit.Chem.rdchem.Mol object at 0x7f8e12c786a0>
227,CC1COCC(C)(CC(=O)c2ccc(C(C)(C)C)c(O)c2)O1,True,<rdkit.Chem.rdchem.Mol object at 0x7f8e12c78700>
230,O=C(O)COc1c(C(=O)O)sc(-c2ccsc2)c1Br,True,<rdkit.Chem.rdchem.Mol object at 0x7f8e12c78820>
231,O=C(O)COc1cc(-c2ccco2)sc1C(=O)O,True,<rdkit.Chem.rdchem.Mol object at 0x7f8e12c78880>
234,O=C(O)c1coc(-c2ccc(CC(C(=O)c3ccc(Cl)cc3)C(F)(F)F)cc2)c1,True,<rdkit.Chem.rdchem.Mol object at 0x7f8e12c789a0>
237,O=C(NCc1ccccc1)c1cc(-n2cccc2)sc1N1CCCCC1,True,<rdkit.Chem.rdchem.Mol object at 0x7f8e12c78ac0>
242,CCN1CCCC(Nc2ccc(-n3cc(C(N)=O)c4ccccc43)cc2)C1,True,<rdkit.Chem.rdchem.Mol object at 0x7f8e12c78ca0>
244,CC(C)N(CC(=O)N(C)C)C1CCN(c2ncnc3[nH]ccc23)C1,True,<rdkit.Chem.rdchem.Mol object at 0x7f8e12c78d60>
245,O=C(O)c1ccc(Nc2ccc(F)cc2F)cc1,True,<rdkit.Chem.rdchem.Mol object at 0x7f8e12c78dc0>
246,O=C1CC(c2ccc(CC(NS(=O)(=O)c3ccc(-c4ccccc4)cc3)c3ccccc3)cc2)NC1CC(O)CO,True,<rdkit.Chem.rdchem.Mol object at 0x7f8e12c78e20>
247,COc1cc(C2CC(=O)c3ccccc3O2)ccc1O,True,<rdkit.Chem.rdchem.Mol object at 0x7f8e12c78e80>
249,O=C(O)c1ccc(N(Cc2ccc(F)cc2)S(=O)(=O)C(Cc2ccc(O)cc2)C(=O)O)cc1,True,<rdkit.Chem.rdchem.Mol object at 0x7f8e12c78f40>
252,O=C(Nc1ccc(-c2ccc(NC(=O)c3ccc(Cl)cc3)cc2)cc1)c1ccc(F)cc1,True,<rdkit.Chem.rdchem.Mol object at 0x7f8e12c790a0>
256,CC1(C)CCC2(C)CCC(C(C)(C)C)C2CC1=O,True,<rdkit.Chem.rdchem.Mol object at 0x7f8e12c79220>
260,O=C(O)COc1ccc(CC(c2ccccc2)(c2ccc(C(F)(F)F)cc2)C2CCCCC2)cc1,True,<rdkit.Chem.rdchem.Mol object at 0x7f8e12c793a0>
261,O=C(NCc1ccccc1)c1ccc(Cl)c(-c2nc3ccccc3s2)c1,True,<rdkit.Chem.rdchem.Mol object at 0x7f8e12c79400>
262,O=C(O)COc1cc(-c2cccc(NC(=O)C(c3ccccc3)c3ccccc3)c2)sc1C(=O)O,True,<rdkit.Chem.rdchem.Mol object at 0x7f8e12c79460>
265,C=CC1=C2C=C(C(=O)NC(Cc3ccccc3)C(=O)O2)C2CC1C(C(=O)O)N2C(=O)CC,True,<rdkit.Chem.rdchem.Mol object at 0x7f8e12c79580>
269,CCOC(=O)CC(NC(=O)C1CCCCC1)C(=O)O,True,<rdkit.Chem.rdchem.Mol object at 0x7f8e12c79700>
270,O=C(O)C(Cc1ccccc1)N1C(=O)C(Cc2ccc(F)cc2)SC1=Cc1ccc(Cl)cc1,True,<rdkit.Chem.rdchem.Mol object at 0x7f8e12c79760>
277,Oc1cc(O)cc(-c2ccc(C3CCCCC3)cc2)c1,True,<rdkit.Chem.rdchem.Mol object at 0x7f8e12c79a00>
278,O=C(Nc1ccc(-c2ccc(NC(=O)C3CCCCC3)cc2)cc1)c1ccccc1,True,<rdkit.Chem.rdchem.Mol object at 0x7f8e12c79a60>
279,O=C(O)c1ccc2c(c1)C(=CC=C(c1ccccc1)c1ccc(Br)cc1)SCCC2,True,<rdkit.Chem.rdchem.Mol object at 0x7f8e12c79ac0>
288,CCN1CCCC1CNC(=O)c1c(O)c(C)cc(OC)c1OC,True,<rdkit.Chem.rdchem.Mol object at 0x7f8e12c79e20>
289,CCc1ccc(Oc2ccc(S(=O)(=O)Nc3nccs3)cc2)cc1,True,<rdkit.Chem.rdchem.Mol object at 0x7f8e12c79e80>
290,N#Cc1noc(-c2ccc(O)cc2O)c1O,True,<rdkit.Chem.rdchem.Mol object at 0x7f8e12c79ee0>
294,O=C(O)COc1c(C(=O)O)sc(-c2ccc(-c3ccc(O)cc3)cc2)c1Br,True,<rdkit.Chem.rdchem.Mol object at 0x7f8e12bfa0a0>
297,COc1ccc(CC(NC(=O)CC23CCC(C)(C)CC2C3(C)C)c2cccc(C(C)C)c2)cc1O,True,<rdkit.Chem.rdchem.Mol object at 0x7f8e12bfa1c0>
298,NC1=c2cccc3cnc(cc23)=C(O)N1Cc1ccccc1,True,<rdkit.Chem.rdchem.Mol object at 0x7f8e12bfa220>
299,O=C(O)c1csc(-c2ccc(CC(C(=O)c3ccc(Br)cc3)c3ccccc3)cc2)c1,True,<rdkit.Chem.rdchem.Mol object at 0x7f8e12bfa280>
301,CSc1nnc(-c2sccc2Cl)o1,True,<rdkit.Chem.rdchem.Mol object at 0x7f8e12bfa340>
303,CS(=O)(=O)Nc1ccc(-c2[nH]nc3ccc(-c4nc[nH]n4)cc23)cc1,True,<rdkit.Chem.rdchem.Mol object at 0x7f8e12bfa400>
304,CNc1nc(N)nc2nc(-c3ccccc3F)ccc12,True,<rdkit.Chem.rdchem.Mol object at 0x7f8e12bfa460>
306,COc1cc(Cc2c(O)oc3cc(O)c(C(=O)O)cc3c2=O)ccc1O,True,<rdkit.Chem.rdchem.Mol object at 0x7f8e12bfa520>
308,N#Cc1ccc(S(=O)(=O)Nc2ccc3oc(-c4ccc(NS(=O)(=O)c5ccc(CN)cc5)cc4)nc3c2)cc1,True,<rdkit.Chem.rdchem.Mol object at 0x7f8e12bfa5e0>
310,COc1cc(O)c(Br)c2c1C=C(C)CC(C)(C)C2,True,<rdkit.Chem.rdchem.Mol object at 0x7f8e12bfa6a0>
313,CNc1nc(N)nc2nc(-c3c(OC)cccc3C(O)C(F)(F)F)ccc12,True,<rdkit.Chem.rdchem.Mol object at 0x7f8e12bfa7c0>
314,CCc1cc(C(=O)NC2CC(C(=O)Nc3ncc(Cl)s3)N(C(=O)c3coc4ccccc34)C2)no1,True,<rdkit.Chem.rdchem.Mol object at 0x7f8e12bfa820>
315,COC(=O)c1scc(-c2ccc(NC(=O)c3ccc(OC)cc3)cc2)c1OC,True,<rdkit.Chem.rdchem.Mol object at 0x7f8e12bfa880>
316,COc1ccc(N2CC(C#N)(Cc3ccccc3)C3=CC(C)(C)OCC3=N2)cc1,True,<rdkit.Chem.rdchem.Mol object at 0x7f8e12bfa8e0>
319,CC(=O)Nc1ccc(S(=O)(=O)Nc2ccccc2-c2ccccc2)cc1,True,<rdkit.Chem.rdchem.Mol object at 0x7f8e12bfaa00>
321,Cn1ccnc1C(Cc1ccc(C2CNC(=O)C2)cc1)NS(=O)(=O)c1cc(Cl)ccc1Cl,True,<rdkit.Chem.rdchem.Mol object at 0x7f8e12bfaac0>
325,CCNC(=O)Nc1ccc(-c2nc(N3CC4CCC(C3)O4)nc(N3CCNC(C(=O)OC)C3)n2)cc1,True,<rdkit.Chem.rdchem.Mol object at 0x7f8e12bfac40>
326,O=C(O)Cn1c(=Cc2ccc(OCCO)cc2)sc(=Cc2ccc(OCc3ccccc3)cc2)c1=O,True,<rdkit.Chem.rdchem.Mol object at 0x7f8e12bfaca0>
331,COC(=O)c1c(O)cccc1OC(CCc1ccccc1)c1ccccc1,True,<rdkit.Chem.rdchem.Mol object at 0x7f8e12bfae80>
332,CC(=O)COC1OC(C)C(C)(O)C2C(=CC=C(C)CCCC(C)C)CCC12,True,<rdkit.Chem.rdchem.Mol object at 0x7f8e12bfaee0>
335,O=c1cc(-c2ccccc2)oc2cc(O)cc(O)c12,True,<rdkit.Chem.rdchem.Mol object at 0x7f8e12bfb040>
336,CCn1ccc(S(=O)(=O)c2ccc(NC(C)=O)cc2)c1,True,<rdkit.Chem.rdchem.Mol object at 0x7f8e12bfb0a0>
338,O=C(O)CNC(=O)Nc1nc(-c2ccc(Cl)cc2)c2ccccc2n1,True,<rdkit.Chem.rdchem.Mol object at 0x7f8e12bfb160>
340,COc1ccc(CNc2ccc3[nH]ccc3c2)cc1OC,True,<rdkit.Chem.rdchem.Mol object at 0x7f8e12bfb220>
342,CC=Cc1ccc(C2C(CO)N(CC3CCCCC3)C2CNC(=O)C2CCCC2)cc1,True,<rdkit.Chem.rdchem.Mol object at 0x7f8e12bfb2e0>
345,COc1ccc(-c2cc3c(cc2O)OCC(C)(C)C3)cc1,True,<rdkit.Chem.rdchem.Mol object at 0x7f8e12bfb400>
347,CCOC(=O)c1sc2nsc(C)c2c1C(=O)c1ccccc1,True,<rdkit.Chem.rdchem.Mol object at 0x7f8e12bfb4c0>
355,Cc1cc(=O)oc2ccc3c(c1O)Cc1ccc(OCc4ccc(O)cc4)cc1OC2(CO)C3,True,<rdkit.Chem.rdchem.Mol object at 0x7f8e12bfb7c0>
356,COc1ccc2sc(N(Cc3ccc(OCCN(C)C)cc3)C(=O)C3CC3)cc2c1,True,<rdkit.Chem.rdchem.Mol object at 0x7f8e12bfb820>
357,COC(=O)c1cc(CN(Cc2ccc(F)cc2)Cc2ccc(OC)cc2)ccc1OC,True,<rdkit.Chem.rdchem.Mol object at 0x7f8e12bfb880>
359,CCNc1sc(S(=O)(=O)NC)cc1Nc1ccc(Oc2ccccc2)cc1,True,<rdkit.Chem.rdchem.Mol object at 0x7f8e12bfb940>
360,COC(=O)NC(Cc1ccccc1)C(O)CNC1CC2(CCC2)Oc2ccc(CC(C)(C)C)cc21,True,<rdkit.Chem.rdchem.Mol object at 0x7f8e12bfb9a0>
361,O=C(O)COc1c(C(=O)O)sc(-c2ccc(N3CCCCC3)cc2)c1OCc1ccccc1,True,<rdkit.Chem.rdchem.Mol object at 0x7f8e12bfba00>
364,COc1ccc(CN(Cc2ccc(OC)c(OC)c2)CC2CCC(=O)N2)c(OC)c1,True,<rdkit.Chem.rdchem.Mol object at 0x7f8e12bfbb20>
368,COc1ccc(C)cc1NC(=O)Nc1ccc(-c2ccc(N)nc2)cc1,True,<rdkit.Chem.rdchem.Mol object at 0x7f8e12bfbca0>
369,CNc1sc2c(-c3cccnc3)nccc2c1C,True,<rdkit.Chem.rdchem.Mol object at 0x7f8e12bfbd00>
370,COc1cc2oc(-c3ccc(O)cc3)c(O)c(O)c-2c1OC,True,<rdkit.Chem.rdchem.Mol object at 0x7f8e12bfbd60>
372,CC1CCC2(CC1)N=C(c1cc(Cl)cc(Cl)c1)C(CO)N2C,True,<rdkit.Chem.rdchem.Mol object at 0x7f8e12bfbe20>
373,CCCCc1oc2ccccc2c1-c1ccc(-c2ccc(O)cc2)cc1,True,<rdkit.Chem.rdchem.Mol object at 0x7f8e12bfbe80>
375,Cc1ccc2cc(CCn3ccc(=O)cc3)ccc2n1,True,<rdkit.Chem.rdchem.Mol object at 0x7f8e12bfbf40>
380,COc1ccc(CN(Cc2ccc(F)cc2)Cc2ccc(C(=O)O)cc2)cc1,True,<rdkit.Chem.rdchem.Mol object at 0x7f8e12bfc160>
381,COC(=O)c1ccc(S(=O)(=O)Nc2ccc3oc(-c4ccc(NS(=O)(=O)c5ccc(OC)cc5)cc4)nc3c2)cc1,True,<rdkit.Chem.rdchem.Mol object at 0x7f8e12bfc1c0>
386,COC(=O)c1ccc(CSc2nc3cc(OC)ccc3[nH]2)cc1,True,<rdkit.Chem.rdchem.Mol object at 0x7f8e12bfc3a0>
394,O=C(Nc1cccc(O)c1)c1ccc(-c2ccc(CCN3CCCC3)cc2)cc1,True,<rdkit.Chem.rdchem.Mol object at 0x7f8e12bfc6a0>
395,CCCc1oc2ccccc2c1OC1OC(CO)C(O)C(O)C1O,True,<rdkit.Chem.rdchem.Mol object at 0x7f8e12bfc700>
401,COc1cccc(-c2cnc3c(c2)C(=O)N(C(C)CO)CC(C)C(C)N3)c1,True,<rdkit.Chem.rdchem.Mol object at 0x7f8e12bfc940>
402,O=C(O)c1ccc(-c2ccc(CNc3ccccc3)cc2)cc1,True,<rdkit.Chem.rdchem.Mol object at 0x7f8e12bfc9a0>
403,CN(Cc1cccc(Cl)c1)C(=O)c1ccc(NS(=O)(=O)C(Cc2ccccc2)C(=O)NC2CC2)cc1,True,<rdkit.Chem.rdchem.Mol object at 0x7f8e12bfca00>
406,Nc1ncc(-c2cc(N3COc4ccccc4C3)nc(N3CCOCC3)n2)nc1O,True,<rdkit.Chem.rdchem.Mol object at 0x7f8e12bfcb20>
408,O=C(O)C(Cc1ccccc1)N1C(=O)C(Cc2ccccc2)CC1Cc1ccc(Br)cc1,True,<rdkit.Chem.rdchem.Mol object at 0x7f8e12bfcbe0>
411,Cc1ccccc1-c1ccc(-c2noc(Cc3c[nH]c4ccccc34)n2)cc1,True,<rdkit.Chem.rdchem.Mol object at 0x7f8e12bfcd00>
414,CC(=O)NS(=O)(=O)OCC1OC(n2ccc3c(N)ncnc32)C(O)C1O,True,<rdkit.Chem.rdchem.Mol object at 0x7f8e12bfce20>
415,OC(CCCc1ccccc1)CN1CC(F)(F)c2cc(C(F)(F)F)ccc21,True,<rdkit.Chem.rdchem.Mol object at 0x7f8e12bfce80>
419,CC(CCO)CCc1ccc(O)cc1,True,<rdkit.Chem.rdchem.Mol object at 0x7f8e12bfd040>
420,COC(=O)CC1CCC2(CCCN(C(=O)C3CCCCC3)C2)O1,True,<rdkit.Chem.rdchem.Mol object at 0x7f8e12bfd0a0>
422,N#Cc1c(N)nc(SCc2ccccc2)c(C#N)c1-c1ccc(O)cc1,True,<rdkit.Chem.rdchem.Mol object at 0x7f8e12bfd160>
424,CCOC(=O)COC(=O)CNS(=O)(=O)Cc1ccc(OC)cc1,True,<rdkit.Chem.rdchem.Mol object at 0x7f8e12bfd220>
425,O=C(OCCN1CC=C(c2c[nH]c3ccc(Cl)cc23)CC1)c1cccc(F)c1,True,<rdkit.Chem.rdchem.Mol object at 0x7f8e12bfd280>
426,CN(C)c1cc(F)cc(C(=O)C(Cc2ccc(-c3ccc(C(=O)O)cc3)cc2)C(F)(F)F)c1,True,<rdkit.Chem.rdchem.Mol object at 0x7f8e12bfd2e0>
429,O=C(O)COc1ccc(OCc2ccccc2-c2ccccc2)cc1,True,<rdkit.Chem.rdchem.Mol object at 0x7f8e12bfd400>
430,O=C(O)COc1c(C(=O)O)sc(-c2cccc(Oc3ccccc3)c2)c1C(F)(F)F,True,<rdkit.Chem.rdchem.Mol object at 0x7f8e12bfd460>
433,CCCc1cc(OC(=O)N(C)Cc2ccccc2)ccc1OC,True,<rdkit.Chem.rdchem.Mol object at 0x7f8e12bfd580>
434,O=C(COC(=O)c1ccc(O)cc1O)c1ccc(N2CCCC2)cc1,True,<rdkit.Chem.rdchem.Mol object at 0x7f8e12bfd5e0>
437,CCCCc1oc2ccccc2c1-c1ccc(CC(C)C(=O)O)cc1,True,<rdkit.Chem.rdchem.Mol object at 0x7f8e12bfd700>
439,CCCCc1sc2ccccc2c1-c1ccc(-c2ccc(O)cc2)cc1,True,<rdkit.Chem.rdchem.Mol object at 0x7f8e12bfd7c0>
440,N#Cc1[nH]c(O)c(C2CCCCC2)c1-c1ccc(Oc2ccccc2)cc1,True,<rdkit.Chem.rdchem.Mol object at 0x7f8e12bfd820>
441,CC1(C)CCC2(CC(=O)NC(Cc3ccccc3)C(=O)OC2Cc2ccccc2)C1,True,<rdkit.Chem.rdchem.Mol object at 0x7f8e12bfd880>
444,COC(=O)c1ccccc1NC(=O)COc1ccc(Cl)cc1C,True,<rdkit.Chem.rdchem.Mol object at 0x7f8e12bfd9a0>
445,COC(=O)c1ccc(NC(=O)c2cc(-c3csc(C(=O)OC)c3F)cnc2N)cc1,True,<rdkit.Chem.rdchem.Mol object at 0x7f8e12bfda00>
451,COc1ccccc1CC(NC(=O)CC(N)Cc1ccccc1)C(=O)O,True,<rdkit.Chem.rdchem.Mol object at 0x7f8e12bfdc40>
452,CCCCc1oc2ccccc2c1-c1ccc(C2(O)CCC2)cc1,True,<rdkit.Chem.rdchem.Mol object at 0x7f8e12bfdca0>
455,CNC(=O)C1OC(n2cnc3c(NCc4ccc(C(F)(F)F)cc4)ncnc32)C(O)C1O,True,<rdkit.Chem.rdchem.Mol object at 0x7f8e12bfddc0>
456,CCN(CC)S(=O)(=O)c1cccc(NC(=O)COc2ccc(-c3ccccc3)cc2)c1,True,<rdkit.Chem.rdchem.Mol object at 0x7f8e12bfde20>
457,Cc1cccc(C2=NCCN2)c1,True,<rdkit.Chem.rdchem.Mol object at 0x7f8e12bfde80>
459,O=C(O)COc1c(C(=O)O)sc(-c2ccc3ccccc3c2)c1Br,True,<rdkit.Chem.rdchem.Mol object at 0x7f8e12bfdf40>
460,COC(=O)c1sc(N)nc1-c1ccccc1C(F)(F)F,True,<rdkit.Chem.rdchem.Mol object at 0x7f8e12bfdfa0>
461,COc1cccc(NS(=O)(=O)c2ccc3c(c2)CC=C(C)O3)c1,True,<rdkit.Chem.rdchem.Mol object at 0x7f8e12bfe040>
462,Cc1ccc(SCC(=O)OCC(=O)Nc2cccc(C)c2)cc1,True,<rdkit.Chem.rdchem.Mol object at 0x7f8e12bfe0a0>
466,O=C(O)c1ccc(CN2CC(c3cccc(C(F)(F)F)c3)N(Cc3ccccc3)C2=O)cc1,True,<rdkit.Chem.rdchem.Mol object at 0x7f8e12bfe220>
468,COc1ccc(C2CC(c3ccc(OC)c(OC)c3)=NN2c2ccc(C(=O)O)cc2)cc1,True,<rdkit.Chem.rdchem.Mol object at 0x7f8e12bfe2e0>
471,CCOC(=O)CSc1nc(-c2ccc(OC)cc2)c(-c2ccc(Cl)cc2)[nH]1,True,<rdkit.Chem.rdchem.Mol object at 0x7f8e12bfe400>
474,COc1cccc(S(=O)(=O)Nc2ccc(-c3ncccc3-c3ccccc3)cc2)c1,True,<rdkit.Chem.rdchem.Mol object at 0x7f8e12bfe520>
475,O=S(=O)(Nc1cccc(-c2cc[nH]n2)c1)c1ccc(-c2ccc(F)cc2)cc1,True,<rdkit.Chem.rdchem.Mol object at 0x7f8e12bfe580>
477,O=C(CCc1c[nH]c2ccccc12)NCCc1ccc(OCc2ccccc2)cc1,True,<rdkit.Chem.rdchem.Mol object at 0x7f8e12bfe640>
481,O=C(O)CNC(=O)c1coc(-c2ccc(Oc3ccc(F)cc3)cc2)n1,True,<rdkit.Chem.rdchem.Mol object at 0x7f8e12bfe7c0>
484,O=C(CN(Cc1ccc(F)cc1)Cc1ccc(C(=O)O)cc1)NCc1ccc(Cl)cc1,True,<rdkit.Chem.rdchem.Mol object at 0x7f8e12bfe8e0>
486,CN(C)c1ccc(-c2ccc(-c3ccc(C#N)cc3)s2)cc1,True,<rdkit.Chem.rdchem.Mol object at 0x7f8e12bfe9a0>
487,COc1cccc(C(O)CNCc2ccc3c(c2)OCO3)c1,True,<rdkit.Chem.rdchem.Mol object at 0x7f8e12bfea00>
489,O=C(O)CSc1c2c(nc3cc(C(=O)c4ccc(Cl)cc4)ccc13)C(=O)NC2,True,<rdkit.Chem.rdchem.Mol object at 0x7f8e12bfeac0>
490,COC(=O)CN1C(=O)C(COC(=O)c2cc(Br)cc(N(C)C3CCCC3)c2)CN1C(C)C,True,<rdkit.Chem.rdchem.Mol object at 0x7f8e12bfeb20>
491,O=C(CCc1c[nH]c2ccccc12)NC(CO)Cc1ccc(O)cc1,True,<rdkit.Chem.rdchem.Mol object at 0x7f8e12bfeb80>
494,O=C(O)c1cccc(-c2cccc(COc3ccc(CCC(=O)c4cccc(O)c4)cc3)c2)c1,True,<rdkit.Chem.rdchem.Mol object at 0x7f8e12bfeca0>
497,CCc1oc2cc(OC)ccc2c1C(=O)c1cc(Br)c(O)c(OC)c1,True,<rdkit.Chem.rdchem.Mol object at 0x7f8e12bfedc0>
502,O=C(O)c1ccc2ncccc2c1,True,<rdkit.Chem.rdchem.Mol object at 0x7f8e12bfefa0>
506,O=C(O)COc1ccc(C(=O)c2cc(Br)ccc2OCC(=O)c2ccc(O)cc2)cc1,True,<rdkit.Chem.rdchem.Mol object at 0x7f8e12bff160>
508,Cc1ccc(COC(=O)NCc2ccc(C(C)(C)C)cc2)cc1,True,<rdkit.Chem.rdchem.Mol object at 0x7f8e12bff220>
510,O=C1NC2(CCCCC2)Cc2cccc(-c3ccc(C(F)(F)F)cc3)c21,True,<rdkit.Chem.rdchem.Mol object at 0x7f8e12bff2e0>
514,COc1ccc(NC(=O)c2ccc3sccc3c2)cc1,True,<rdkit.Chem.rdchem.Mol object at 0x7f8e12bff460>
515,N#Cc1nc(-c2ccc(OCc3ccc(F)cc3)cc2)cc(C(F)(F)F)n1,True,<rdkit.Chem.rdchem.Mol object at 0x7f8e12bff4c0>
520,COc1cccc(-c2ccc(C3CC(C(=O)O)N(C(=O)C(C)C)C3CO)cc2)c1,True,<rdkit.Chem.rdchem.Mol object at 0x7f8e12bff6a0>
522,COC(=O)c1cccc(-c2cc(C(=O)O)cc(-c3cccc(C(F)(F)F)c3)c2)c1,True,<rdkit.Chem.rdchem.Mol object at 0x7f8e12bff760>
526,C=C(c1ccc(O)cc1)c1ccc(O)cc1,True,<rdkit.Chem.rdchem.Mol object at 0x7f8e12bff8e0>
528,Clc1ccc(-c2cn(-c3cccc(Cl)c3)c(-c3ccc(Cl)cc3)n2)cc1,True,<rdkit.Chem.rdchem.Mol object at 0x7f8e12bff9a0>
533,Cc1nc(-c2ccccc2)sc1S(=O)(=O)NC(C)(C)C,True,<rdkit.Chem.rdchem.Mol object at 0x7f8e12bffb80>
539,CCc1nc(Cc2ccccc2)oc1CC,True,<rdkit.Chem.rdchem.Mol object at 0x7f8e12bffdc0>
541,O=C(Nc1ccccc1)c1ccc(-c2ccc(NC(=O)c3ccc(C4(F)CC4)cc3)cc2)cc1,True,<rdkit.Chem.rdchem.Mol object at 0x7f8e12bffe80>
542,COc1ccc(CNC(=O)CCNS(=O)(=O)c2ccc(Br)s2)cc1,True,<rdkit.Chem.rdchem.Mol object at 0x7f8e12bffee0>
543,N#Cc1ncc(-c2nc(N3CCOCC3)c3nccc(NCC(=O)O)c3n2)cc1O,True,<rdkit.Chem.rdchem.Mol object at 0x7f8e12bfff40>
546,Cc1ccc(C(=O)Nc2ccc(NC(=O)C3CC3)cc2)cc1,True,<rdkit.Chem.rdchem.Mol object at 0x7f8e12c000a0>
548,O=C(O)COc1c(C(=O)O)sc(-c2cccc3ccccc23)c1Br,True,<rdkit.Chem.rdchem.Mol object at 0x7f8e12c00160>
550,NC(=O)Cc1ccc2c(-c3ccc(NC(=O)Nc4cccc(F)c4)cc3)cccc2c1,True,<rdkit.Chem.rdchem.Mol object at 0x7f8e12c00220>
552,CCC(=O)N1CCC2(CCC(CNCc3ccccc3)CC2)C1,True,<rdkit.Chem.rdchem.Mol object at 0x7f8e12c002e0>
556,O=C(Nc1cccc(NC(=O)C2CCCCC2)c1)c1ccc(Cl)cc1,True,<rdkit.Chem.rdchem.Mol object at 0x7f8e12c00460>
557,O=S(=O)(Nc1cccc2ccccc12)c1ccccc1,True,<rdkit.Chem.rdchem.Mol object at 0x7f8e12c004c0>
558,O=C(NCCc1ccccc1)c1ccc(Cn2c(=O)c3ccccc3n2Cc2ccc3c(c2)OCO3)cc1,True,<rdkit.Chem.rdchem.Mol object at 0x7f8e12c00520>
559,O=C(O)CNC(=O)C(Cc1ccc(OCc2cccc(Nc3ccccc3)c2)cc1)NS(=O)(=O)C(O)C(F)(F)F,True,<rdkit.Chem.rdchem.Mol object at 0x7f8e12c00580>
560,Cc1ccc(S(=O)(=O)Nc2ccc3c(c2)CC(=O)N(C2COC2)C3)cc1,True,<rdkit.Chem.rdchem.Mol object at 0x7f8e12c005e0>
561,COc1cc(O)c(Br)c2c(=O)cc(-c3ccc(O)cc3)oc12,True,<rdkit.Chem.rdchem.Mol object at 0x7f8e12c00640>
562,COc1cc(Nc2cc(-c3ccccc3OCc3ccccc3)[nH]n2)ccc1C#N,True,<rdkit.Chem.rdchem.Mol object at 0x7f8e12c006a0>
565,O=c1cc(O)c2ccccc2n1Cc1ccc(OCc2ccccc2C2CCCC2)cc1,True,<rdkit.Chem.rdchem.Mol object at 0x7f8e12c007c0>
566,COc1ccc(-c2ccc3c(n2)CCNC3=O)cc1,True,<rdkit.Chem.rdchem.Mol object at 0x7f8e12c00820>
571,CN1CCCCC1C(C)(C)C(=O)c1ccc(O)cc1,True,<rdkit.Chem.rdchem.Mol object at 0x7f8e12c00a00>
572,CCCn1ccc2cc(-c3ccc(-c4ccc(C(=O)O)cc4)cc3)ccc2c1=O,True,<rdkit.Chem.rdchem.Mol object at 0x7f8e12c00a60>
573,O=C(O)COc1ccc(OCc2ccccc2)cc1,True,<rdkit.Chem.rdchem.Mol object at 0x7f8e12c00ac0>
574,N#Cc1cccc(-c2cc(NCc3ccccc3)nc(NCc3ccccc3)n2)c1,True,<rdkit.Chem.rdchem.Mol object at 0x7f8e12c00b20>
576,O=C(c1ccc(N2CCOCC2)nc1)c1cccc(-c2noc(C(F)(F)F)n2)c1,True,<rdkit.Chem.rdchem.Mol object at 0x7f8e12c00be0>
578,Oc1nc(O)c(-c2cccc(OCc3ccccc3)c2)nc1O,True,<rdkit.Chem.rdchem.Mol object at 0x7f8e12c00ca0>
580,CC1=CC=C(C(C)C)CC(O)C(=O)Cc2cc(O)cc(O)c2C(=O)O1,True,<rdkit.Chem.rdchem.Mol object at 0x7f8e12c00d60>
581,NS(=O)(=O)CCC(C(=O)N1CCC(CCCC2CCCCC2)CC1)C1CCCCC1,True,<rdkit.Chem.rdchem.Mol object at 0x7f8e12c00dc0>
582,CC(=CCNc1ccc(-n2cncn2)cc1)c1ccc(F)cc1,True,<rdkit.Chem.rdchem.Mol object at 0x7f8e12c00e20>
583,CCN1CCC(NC(=O)Nc2ccc3ncc(-c4cccc(Oc5ccccc5)c4)n3c2)CC1,True,<rdkit.Chem.rdchem.Mol object at 0x7f8e12c00e80>
590,O=C(O)COc1ccc(CC(c2ccc(O)cc2)C2OC(CO)C(O)C(O)C2O)cc1,True,<rdkit.Chem.rdchem.Mol object at 0x7f8e12c01160>
592,Cc1ccccc1S(=O)(=O)Nc1ccc(-c2ccc(-c3c[nH]cn3)s2)cc1,True,<rdkit.Chem.rdchem.Mol object at 0x7f8e12c01220>
594,O=C(Cc1cccc(NC(=O)NCc2ccccc2)c1)Nc1ccc(-c2ccccc2)cc1,True,<rdkit.Chem.rdchem.Mol object at 0x7f8e12c012e0>
598,Cn1cc(-c2cc(Nc3ncc(-c4ccc(CN)cc4)cn3)ccc2F)cn1,True,<rdkit.Chem.rdchem.Mol object at 0x7f8e12c01460>
599,COc1cc(N2CCC(N)C2)ccc1C(=O)C(C)(C)c1ccc(NS(C)(=O)=O)c(F)c1,True,<rdkit.Chem.rdchem.Mol object at 0x7f8e12c014c0>
600,O=C(O)c1cccc2c1oc1ccccc12,True,<rdkit.Chem.rdchem.Mol object at 0x7f8e12c01520>
602,CCCOc1ccc(C2CC(=O)N(C(CC(C)C)C(=O)NC(Cc3ccccc3)C(=O)O)C2)cc1,True,<rdkit.Chem.rdchem.Mol object at 0x7f8e12c015e0>
603,CCCCc1oc2ccc3c(c2c1C)OC(C)C3,True,<rdkit.Chem.rdchem.Mol object at 0x7f8e12c01640>
605,CC(=O)Nc1scc(-c2ccc3c(c2)OCO3)c1Br,True,<rdkit.Chem.rdchem.Mol object at 0x7f8e12c01700>
607,COc1ccc(NC(=O)CNc2cc(S(=O)(=O)Nc3ccc(C)cc3)ccc2OC)cc1,True,<rdkit.Chem.rdchem.Mol object at 0x7f8e12c017c0>
609,CCC(=O)c1cc(CC)cc(-c2ccc(CC(C)C)cc2)c1,True,<rdkit.Chem.rdchem.Mol object at 0x7f8e12c01880>
612,COc1ccc(-c2sc(C(=O)O)c(OCC(=O)O)c2Br)cc1,True,<rdkit.Chem.rdchem.Mol object at 0x7f8e12c019a0>
613,O=C(O)COc1c(C(=O)O)sc(-c2cccc(Oc3ccccc3)c2)c1Br,True,<rdkit.Chem.rdchem.Mol object at 0x7f8e12c01a00>
616,CNc1nc(N)nc2nc(-c3ccc(Cl)cc3)ccc12,True,<rdkit.Chem.rdchem.Mol object at 0x7f8e12c01b20>
617,Cc1cc(O)ccc1-c1cc(O)cc(OC2OC(CO)C(O)C(O)C2O)c1,True,<rdkit.Chem.rdchem.Mol object at 0x7f8e12c01b80>
619,COc1ccc(S(=O)(=O)Nc2ccc(-c3nc4cc(NS(=O)(=O)c5ccc(C#N)cc5)ccc4o3)cc2)cc1,True,<rdkit.Chem.rdchem.Mol object at 0x7f8e12c01c40>
621,O=C(Nc1ccc(C(=O)Nc2ccccc2)cc1)c1ccc(Br)cc1,True,<rdkit.Chem.rdchem.Mol object at 0x7f8e12c01d00>
622,CNC(=O)c1cccc(Nc2nccc(N3CC(=O)C(Cc4ccc(Cl)cc4)=N3)n2)c1,True,<rdkit.Chem.rdchem.Mol object at 0x7f8e12c01d60>
625,COC(=O)c1cc(-c2ccc(NC(=O)c3ccccn3)cc2)cs1,True,<rdkit.Chem.rdchem.Mol object at 0x7f8e12c01e80>
629,CCOC(=O)CSc1ccc(-c2cccc(-c3noc(Cc4c[nH]c5ccccc45)n3)n2)cc1,True,<rdkit.Chem.rdchem.Mol object at 0x7f8e12c02040>
632,O=c1cccc2n1CC1CNC1CC2,True,<rdkit.Chem.rdchem.Mol object at 0x7f8e12c02160>
634,O=C(Nc1ccc(-c2ccc(NC(=O)C3CCCCC3)cn2)cc1)c1ccc(C(F)(F)F)cc1,True,<rdkit.Chem.rdchem.Mol object at 0x7f8e12c02220>
635,CNc1nc(N)nc2nc(-c3ccccc3Cl)ccc12,True,<rdkit.Chem.rdchem.Mol object at 0x7f8e12c02280>
637,CC(C)CC(CC(=O)C(Cc1ccc(CCC(=O)O)cc1)NC(=O)CC(C)(C)C)C(C)C,True,<rdkit.Chem.rdchem.Mol object at 0x7f8e12c02340>
639,COc1ccc(S(=O)(=O)Nc2cccc(-c3ccc4nncn4c3)c2)cc1,True,<rdkit.Chem.rdchem.Mol object at 0x7f8e12c02400>
641,CN(C)Cc1ccc(-c2ccccc2)o1,True,<rdkit.Chem.rdchem.Mol object at 0x7f8e12c024c0>
644,COc1cc(O)c(C=C(C)C)c(OC)c1,True,<rdkit.Chem.rdchem.Mol object at 0x7f8e12c025e0>
645,O=C(CSc1nnc(-c2ccc(O)cc2)o1)Nc1ccc(Cl)cc1,True,<rdkit.Chem.rdchem.Mol object at 0x7f8e12c02640>
646,Cc1cc(C)c(S(=O)(=O)Nc2ccc(-c3nc4ncccc4o3)cc2)c(Cl)c1,True,<rdkit.Chem.rdchem.Mol object at 0x7f8e12c026a0>
648,CCOC(=O)COC(=O)CNC(=O)c1ccc(OC)cc1,True,<rdkit.Chem.rdchem.Mol object at 0x7f8e12c02760>
649,COC(=O)c1scc(-c2ccc(NC(=O)c3ccc(Cl)s3)cc2)c1OC,True,<rdkit.Chem.rdchem.Mol object at 0x7f8e12c027c0>
650,CC(C)=C1CC(C)(C)C(=O)c2c(O)cc(O)cc2O1,True,<rdkit.Chem.rdchem.Mol object at 0x7f8e12c02820>
652,N#Cc1cc(S(=O)(=O)Nc2csc(C3(F)CCCC3)n2)ccc1OC1CCCC1,True,<rdkit.Chem.rdchem.Mol object at 0x7f8e12c028e0>
654,Cc1ccc(-n2sc3ccccc3c2=O)cc1,True,<rdkit.Chem.rdchem.Mol object at 0x7f8e12c029a0>
656,O=C(O)COc1ccc(CC2=C(c3ccc(O)cc3)C(=O)O2)cc1,True,<rdkit.Chem.rdchem.Mol object at 0x7f8e12c02a60>
658,O=C(Cc1cccc(-c2ccc3ncccc3c2)c1)N1CCOCC1,True,<rdkit.Chem.rdchem.Mol object at 0x7f8e12c02b20>
660,N#Cc1ccc(CSc2ccc(-c3ccc(C(=O)O)cc3)cc2)cc1,True,<rdkit.Chem.rdchem.Mol object at 0x7f8e12c02be0>
663,COc1ccc(NC(=O)COC(=O)C2CCCCC2)cc1,True,<rdkit.Chem.rdchem.Mol object at 0x7f8e12c02d00>
665,O=C(O)c1ccccc1NS(=O)(=O)c1ccc(-c2nccs2)cc1,True,<rdkit.Chem.rdchem.Mol object at 0x7f8e12c02dc0>
667,O=C1C=CC(=C2C=CC(=O)c3ncc(-c4cccc(F)c4)cc32)C=C1,True,<rdkit.Chem.rdchem.Mol object at 0x7f8e12c02e80>
669,NCCCc1cc2c(-c3ccc(OC(F)(F)F)cc3)cccn2c1,True,<rdkit.Chem.rdchem.Mol object at 0x7f8e12c02f40>
672,O=C(O)C1=C(c2ccc(Cl)cc2)CC(=O)N1C(Cc1ccccc1)C(=O)O,True,<rdkit.Chem.rdchem.Mol object at 0x7f8e12c030a0>
673,COc1ccc2nc(O)c3c(c2c1)OC(C)(C)C1(C)C(=O)C(O)C(C)(C)CC(=O)C31,True,<rdkit.Chem.rdchem.Mol object at 0x7f8e12c03100>
675,O=C(NCC1(O)CCCCC1)C1CCCCC1,True,<rdkit.Chem.rdchem.Mol object at 0x7f8e12c031c0>
676,O=C(c1cccc(Cc2ccc(OC(F)(F)F)cc2)n1)N1CCCC1,True,<rdkit.Chem.rdchem.Mol object at 0x7f8e12c03220>
678,c1ccc(CN2CCC3(CCCc4ccccc43)CC2)cc1,True,<rdkit.Chem.rdchem.Mol object at 0x7f8e12c032e0>
679,CC1CCC(C(=O)O)C(N2CCC(C)(c3cccc(O)c3)C(C)C2)CC1,True,<rdkit.Chem.rdchem.Mol object at 0x7f8e12c03340>
680,CCNc1nc2sc3c(NCCN(C)C)ncnc3c2c2c1CN(C)CC2,True,<rdkit.Chem.rdchem.Mol object at 0x7f8e12c033a0>
682,CCCOc1cc(O)c(C(=O)O)c(-c2ccc(C(C)=O)cc2)c1,True,<rdkit.Chem.rdchem.Mol object at 0x7f8e12c03460>
684,CC(C)CC(CC(=O)C(Cc1ccc(OCC(O)CO)cc1)NC(=O)C1CCCCC1O)C(C)(C)C,True,<rdkit.Chem.rdchem.Mol object at 0x7f8e12c03520>
685,CC12CCC(C1)Nc1cc(Nc3nccc(C(F)(F)F)n3)ccc12,True,<rdkit.Chem.rdchem.Mol object at 0x7f8e12c03580>
686,CC1CCc2c(C(=O)O)nn(-c3ccc(Cl)cc3Cl)c21,True,<rdkit.Chem.rdchem.Mol object at 0x7f8e12c035e0>
687,CN1C=CC(=O)C1C=C1CC2c3c(cc(Br)cc31)CCN2C(=O)Cc1ccccc1,True,<rdkit.Chem.rdchem.Mol object at 0x7f8e12c03640>
689,CC(=O)Nc1ccc2c(Nc3ccc(Br)cc3)ncnc2c1,True,<rdkit.Chem.rdchem.Mol object at 0x7f8e12c03700>
692,O=C(O)COc1ccccc1C1c2ccc(O)cc2-c2ccc3c(c21)C(=O)CCC3,True,<rdkit.Chem.rdchem.Mol object at 0x7f8e12c03820>
693,O=C(O)c1ccc(COc2ccc3[nH]c(-c4ccc(OCCN5CCCC5)cc4)nc3c2)cc1,True,<rdkit.Chem.rdchem.Mol object at 0x7f8e12c03880>
694,COC(=O)c1c(C)[nH]c(C(=O)c2ccc(Cl)cc2)c1C,True,<rdkit.Chem.rdchem.Mol object at 0x7f8e12c038e0>
696,O=C(O)COc1c(C(=O)O)ccc2ccc(-c3ccc(OCc4ccccc4)cc3)cc12,True,<rdkit.Chem.rdchem.Mol object at 0x7f8e12c039a0>
702,CC(C)Oc1ccc(-c2nc(-c3cccc4c(CCC(=O)O)cn(C)c34)no2)cc1,True,<rdkit.Chem.rdchem.Mol object at 0x7f8e12c03be0>
705,O=C(O)Cn1c(=Cc2ccccc2)sc(=Cc2ccc(Oc3ccccc3)cc2)c1=O,True,<rdkit.Chem.rdchem.Mol object at 0x7f8e12c03d00>
707,COC(=O)COC(=O)CCc1ccc(-c2ccccc2)cc1,True,<rdkit.Chem.rdchem.Mol object at 0x7f8e12c03dc0>
708,O=C(O)c1cc(O)c(-c2cccc(O)c2)c(Cc2ccc(O)c(Br)c2)c1,True,<rdkit.Chem.rdchem.Mol object at 0x7f8e12c03e20>
709,CC(O)C(NCc1cccc(Br)c1)C(O)c1ccc(C(F)(F)F)cc1,True,<rdkit.Chem.rdchem.Mol object at 0x7f8e12c03e80>
710,O=C(O)COc1c(C(=O)O)sc(-c2cccc(-c3ccccc3)c2)c1Br,True,<rdkit.Chem.rdchem.Mol object at 0x7f8e12c03ee0>
712,O=C(O)c1csc(CO)c1-c1ccc(C(O)c2ccccc2)cc1,True,<rdkit.Chem.rdchem.Mol object at 0x7f8e12c03fa0>
713,CC(=O)Nc1ccc(CN2CCC(O)(c3ccccc3)C2)cc1,True,<rdkit.Chem.rdchem.Mol object at 0x7f8e12c04040>
715,CNc1nc(N)nc(NCc2ccc(C)o2)n1,True,<rdkit.Chem.rdchem.Mol object at 0x7f8e12c04100>
716,CCCC(=O)CC,True,<rdkit.Chem.rdchem.Mol object at 0x7f8e12c04160>
717,O=c1ccoc2ccc(OCc3cccc(Cc4ccc5c(c4)OCCO5)n3)cc12,True,<rdkit.Chem.rdchem.Mol object at 0x7f8e12c041c0>
719,O=C(O)COc1cc(-c2cccc(N3CCCC3)c2)sc1C(=O)O,True,<rdkit.Chem.rdchem.Mol object at 0x7f8e12c04280>
721,O=C(O)c1cc(-c2ccc(O)cc2O)ccc1-c1ccc(O)cc1,True,<rdkit.Chem.rdchem.Mol object at 0x7f8e12c04340>
722,Cc1ccc(C2C3=CC(C)(C)CC(=O)C3=C3CS(=O)(=O)CCN32)cc1,True,<rdkit.Chem.rdchem.Mol object at 0x7f8e12c043a0>
728,CC1CC2CSC(N)=NCC(F)(F)C2(C(=O)N2CCc3ncccc32)C1,True,<rdkit.Chem.rdchem.Mol object at 0x7f8e12c045e0>
729,COc1ccc(CNC(=O)c2cc3ccc(O)cc3[nH]2)cc1,True,<rdkit.Chem.rdchem.Mol object at 0x7f8e12c04640>
730,CCN(C(=O)Nc1ccc(-c2sc(C(=O)O)c(OCC(=O)O)c2Br)cc1)C(C)C,True,<rdkit.Chem.rdchem.Mol object at 0x7f8e12c046a0>
731,CN1CCN(c2nc3c(S(=O)(=O)c4cccc5ccccc45)cccc3o2)CC1,True,<rdkit.Chem.rdchem.Mol object at 0x7f8e12c04700>
732,CCCN(Cc1ccc(O)cc1)c1ccc(C(=O)c2ncc(CC(C)(C)C)s2)cc1,True,<rdkit.Chem.rdchem.Mol object at 0x7f8e12c04760>
733,COC(=O)N1C(=O)C(C)(C)Oc2ccc(-c3ccccc3)cc21,True,<rdkit.Chem.rdchem.Mol object at 0x7f8e12c047c0>
734,Cc1ccc(C(=O)O)cc1NCc1cc(-c2ccc(O)cc2)cc(C(C)(C)C)c1,True,<rdkit.Chem.rdchem.Mol object at 0x7f8e12c04820>
735,O=C(NC(=O)c1c(O)cccc1O)Nc1cccc(F)c1,True,<rdkit.Chem.rdchem.Mol object at 0x7f8e12c04880>
736,CC(=O)Nc1ccc(-c2sc(C(=O)O)c(OCC(=O)O)c2Br)cc1,True,<rdkit.Chem.rdchem.Mol object at 0x7f8e12c048e0>
738,O=C1N=C2CCCC=C2N(Cc2ccc(CN3CCCCC3)cc2)C1C1CCCCC1,True,<rdkit.Chem.rdchem.Mol object at 0x7f8e12c049a0>
740,Cc1cccc2nc(-c3ccccc3)c(C(C#N)c3nc4ccccc4[nH]3)n12,True,<rdkit.Chem.rdchem.Mol object at 0x7f8e12c04a60>
741,NS(=O)(=O)c1ccc(-c2scc3c2CCCC3CCC(=O)c2ccc3c(c2)OCC3)cc1,True,<rdkit.Chem.rdchem.Mol object at 0x7f8e12c04ac0>
743,COc1cccc(-n2ncc3c(NS(=O)(=O)c4cc(C(C)(C)C)ncc4Cl)cccc32)c1,True,<rdkit.Chem.rdchem.Mol object at 0x7f8e12c04b80>
744,COc1cc2c(cc1-c1cccc(CC(=O)O)c1)OCO2,True,<rdkit.Chem.rdchem.Mol object at 0x7f8e12c04be0>
746,Cc1cccc(-c2noc(C3CCN(C(=O)c4ccc(F)cc4)C3)n2)c1,True,<rdkit.Chem.rdchem.Mol object at 0x7f8e12c04ca0>
747,N#Cc1ccc(-c2sc(C(=O)O)c(OCC(=O)O)c2Br)cc1,True,<rdkit.Chem.rdchem.Mol object at 0x7f8e12c04d00>
749,CC=Cc1csc(-c2ccc(C3CCC(CC(=O)O)CC3)cc2)n1,True,<rdkit.Chem.rdchem.Mol object at 0x7f8e12c04dc0>
750,O=C(NC(Cc1ccc(OCc2ccccc2)cc1)c1nnco1)c1ccccc1,True,<rdkit.Chem.rdchem.Mol object at 0x7f8e12c04e20>
751,O=C(O)CNC(=O)C(Cc1ccc(OCCN2CCN(c3ccccc3)CC2)cc1)N1CCCC1,True,<rdkit.Chem.rdchem.Mol object at 0x7f8e12c04e80>
753,O=C(O)COc1c(C(=O)O)sc(-c2cccc(OCc3ccccc3)c2)c1Br,True,<rdkit.Chem.rdchem.Mol object at 0x7f8e12c04f40>
755,COc1cc(O)c(Br)cc1Cc1cc(O)cc(O)c1,True,<rdkit.Chem.rdchem.Mol object at 0x7f8e12c05040>
757,COc1ccc(NC(=O)Nc2ccc(-c3nc(N4C5CCCC4COC5)nc(N4C5CCC4COC5)n3)cc2)cc1,True,<rdkit.Chem.rdchem.Mol object at 0x7f8e12c05100>
759,CCCCc1nc2ccccc2c(=O)n1Cc1ccccc1C,True,<rdkit.Chem.rdchem.Mol object at 0x7f8e12c051c0>
760,CNc1ccc(-c2ccc(-c3ccc(C(=O)Nc4ccccc4)cc3)cn2)cc1,True,<rdkit.Chem.rdchem.Mol object at 0x7f8e12c05220>
763,COc1cc(O)c(Br)cc1C=CCO,True,<rdkit.Chem.rdchem.Mol object at 0x7f8e12c05340>
764,O=C(O)c1cc2ccc(OCc3ccc(C(F)(F)F)cc3)cc2o1,True,<rdkit.Chem.rdchem.Mol object at 0x7f8e12c053a0>
765,Nc1nc2c(s1)sc1ccccc12,True,<rdkit.Chem.rdchem.Mol object at 0x7f8e12c05400>
768,O=C1CCOC(c2ccc(CC(NS(=O)(=O)c3c(F)cccc3F)c3nc4ccccc4[nH]3)cc2)C1,True,<rdkit.Chem.rdchem.Mol object at 0x7f8e12c05520>
770,CC(C)COC(=O)CCc1ccc(NC(=O)Nc2ccccc2)cc1,True,<rdkit.Chem.rdchem.Mol object at 0x7f8e12c055e0>
772,O=C(O)c1csc(-c2ccc(CC(C(=O)c3cccc(F)c3)c3ccc(F)cc3)cc2)c1,True,<rdkit.Chem.rdchem.Mol object at 0x7f8e12c056a0>
773,Cc1noc(-c2ccccc2)c1-c1ccc(-c2ccc(O)c(Cl)c2)cc1,True,<rdkit.Chem.rdchem.Mol object at 0x7f8e12c05700>
776,CC(C)=C(c1cnc(-c2ccc(O)cc2)c(F)c1)C(C)C,True,<rdkit.Chem.rdchem.Mol object at 0x7f8e12c05820>
779,COc1ccc(-c2nc(-c3cccs3)no2)cc1OC,True,<rdkit.Chem.rdchem.Mol object at 0x7f8e12c05940>
780,COc1ccccc1NS(=O)(=O)c1ccc(C=CS(=O)(=O)c2ccc(Cl)cc2)cc1,True,<rdkit.Chem.rdchem.Mol object at 0x7f8e12c059a0>
784,O=C(O)c1cc2c(CCc3cccc(Cl)c3)c(-c3ccccc3)oc2cc1O,True,<rdkit.Chem.rdchem.Mol object at 0x7f8e12c05b20>
785,CC(=O)Nc1ccc(NC(=O)CSc2nc(O)c3ccccc3n2)cc1,True,<rdkit.Chem.rdchem.Mol object at 0x7f8e12c05b80>
790,O=C(O)c1csc(-c2cccc(Cl)c2)c1,True,<rdkit.Chem.rdchem.Mol object at 0x7f8e12c05d60>
791,O=C(Nc1ccc(-c2ccc(NC(=O)C3CCCCC3)cc2)cc1)c1ccc(Cl)cc1,True,<rdkit.Chem.rdchem.Mol object at 0x7f8e12c05dc0>
795,O=C1CC(c2ccc(CC(NS(=O)(=O)c3ccccc3)c3nc4ccccc4[nH]3)cc2)S(=O)(=O)N1,True,<rdkit.Chem.rdchem.Mol object at 0x7f8e12c05f40>
797,O=C(Nc1ccc(-c2ccc(NC(=O)C(F)(F)F)cc2)cc1)c1cc(Cl)cc(Cl)c1,True,<rdkit.Chem.rdchem.Mol object at 0x7f8e12c06040>
799,CC1(C)CCC2CC(C)(C)CCC2(C)CC1,True,<rdkit.Chem.rdchem.Mol object at 0x7f8e12c06100>
801,CC1(C)CCC2(CC(=O)NC(Cc3cccc(Cl)c3)C(=O)O2)C(=O)N1,True,<rdkit.Chem.rdchem.Mol object at 0x7f8e12c061c0>
805,O=C(O)Cc1cccc2c1Oc1ccc(Cl)c(Br)c1OCCCCCC2,True,<rdkit.Chem.rdchem.Mol object at 0x7f8e12c06340>
807,COC(=O)CNC(c1ccccc1)c1ccc(Br)cc1,True,<rdkit.Chem.rdchem.Mol object at 0x7f8e12c06400>
808,COc1ccc(NC(=O)Nc2ccc3c(c2)CC(C)(C)OC3)cc1,True,<rdkit.Chem.rdchem.Mol object at 0x7f8e12c06460>
819,Cc1cc(C(=O)O)ccc1NC(=O)c1ccc(-c2sccc2-c2ccccc2)cc1,True,<rdkit.Chem.rdchem.Mol object at 0x7f8e12c06880>
820,CNc1nc(N)nc2nc(-c3c(F)cc(Cl)cc3OC)ccc12,True,<rdkit.Chem.rdchem.Mol object at 0x7f8e12c068e0>
827,O=C(NCCN1CCC2(CCCC2)CC1)c1ccc(-c2cccc(O)c2)cc1,True,<rdkit.Chem.rdchem.Mol object at 0x7f8e12c06b80>
828,CCc1nc(-c2ccccc2)c(-c2ccc(F)cc2)n1CCC1CC(O)CC(=O)O1,True,<rdkit.Chem.rdchem.Mol object at 0x7f8e12c06be0>
830,O=C(O)COc1c(C(=O)O)sc(-c2ccc(N3CCCCC3)cc2)c1Br,True,<rdkit.Chem.rdchem.Mol object at 0x7f8e12c06ca0>
831,COc1cc(C(=O)n2cc(C(=O)OCc3ccccc3)c3ccccc32)ccc1OC(F)(F)F,True,<rdkit.Chem.rdchem.Mol object at 0x7f8e12c06d00>
832,CNc1nnc(-c2ccc3[nH]cc(-c4ccc(C(N)=O)cc4)c3c2)s1,True,<rdkit.Chem.rdchem.Mol object at 0x7f8e12c06d60>
833,N#Cc1ccc2nc(NC(=O)c3ccc(-c4ccc(C(=O)O)cc4)cc3)sc2c1,True,<rdkit.Chem.rdchem.Mol object at 0x7f8e12c06dc0>
836,CC(=O)NC(Cc1ccccc1)C(=O)CCC(=O)N(Cc1ccccc1)Cc1cccc2ccccc12,True,<rdkit.Chem.rdchem.Mol object at 0x7f8e12c06ee0>
837,CN(C)C1CCN(C(=O)c2cc3ccccc3[nH]2)CC1,True,<rdkit.Chem.rdchem.Mol object at 0x7f8e12c06f40>
841,C=Cc1ccc(-c2sc3cc(O)ccc3c2Oc2ccc(OC)cc2)cc1,True,<rdkit.Chem.rdchem.Mol object at 0x7f8e12c07100>
844,Cc1ccsc1C(=O)CC(C)C,True,<rdkit.Chem.rdchem.Mol object at 0x7f8e12c07220>
846,O=C(O)c1cc2c(CCc3ccccc3)c(O)ccc2c(O)c1-c1ccc(O)cc1,True,<rdkit.Chem.rdchem.Mol object at 0x7f8e12c072e0>
850,O=C1CC(c2ccc(CC(NS(=O)(=O)c3cc(Cl)ccc3Cl)c3nc4cc(F)ccc4[nH]3)cc2)S(=O)(=O)N1,True,<rdkit.Chem.rdchem.Mol object at 0x7f8e12c07460>
852,CC1(C)CCC2(CC(=O)NC(CC3=CCc4ccccc43)O2)C(=O)N1,True,<rdkit.Chem.rdchem.Mol object at 0x7f8e12c07520>
853,Cc1ccc(S(=O)(=O)N(C)c2ccccc2-c2ccc(C(=O)NC(CC(=O)O)C(=O)O)cc2)cc1,True,<rdkit.Chem.rdchem.Mol object at 0x7f8e12c07580>
854,NC1CC=C(c2ccc3c(c2)Cc2cccc(C(=O)O)c2O3)CC1,True,<rdkit.Chem.rdchem.Mol object at 0x7f8e12c075e0>
857,Cc1noc(-c2ccccc2Oc2ccc(Cl)cc2)n1,True,<rdkit.Chem.rdchem.Mol object at 0x7f8e12c07700>
858,O=C(COc1ccc(S(=O)(=O)N2CCCCCC2)cc1)NCc1ccc(OC(F)(F)F)cc1,True,<rdkit.Chem.rdchem.Mol object at 0x7f8e12c07760>
863,CCN1c2cc(Cl)ccc2N(C)C(=O)c2cc(CCOc3ccc(C)cc3)cnc21,True,<rdkit.Chem.rdchem.Mol object at 0x7f8e12c07940>
866,COC(=O)c1ccc(CN2CCC(C(=O)Nc3ccc(-c4cccc(OC)c4)cc3)CC2)cc1,True,<rdkit.Chem.rdchem.Mol object at 0x7f8e12c07a60>
868,O=C(c1cccc(Cl)c1)N1CCCc2cc(C(O)CN3CCCCC3)ccc21,True,<rdkit.Chem.rdchem.Mol object at 0x7f8e12c07b20>
869,CC(=O)N1Cc2ccccc2C(C)(C)N1O,True,<rdkit.Chem.rdchem.Mol object at 0x7f8e12c07b80>
871,COC(=O)c1cc(-c2ccc(Nc3cccc(C)c3)cc2)cs1,True,<rdkit.Chem.rdchem.Mol object at 0x7f8e12c07c40>
